City_ID,City,Country,Date,Lat,Lng,Max Temp,Humidity,Cloudiness,Wind Speed
0,Kavieng,PG,2021-04-02 21:39:08,-2.5744,150.7967,84.0,76,99,9.89
1,Clyde River,CA,2021-04-02 21:37:16,70.4692,-68.5914,-7.6,71,1,10.36
2,Hofn,IS,2021-04-02 21:39:09,64.2539,-15.2082,43.47,59,2,8.61
3,Sinnamary,GF,2021-04-02 21:39:09,5.3833,-52.95,75.24,93,100,8.41
4,Nikolskoye,RU,2021-04-02 21:39:10,59.7035,30.7861,36.0,93,0,3.27
5,Punta Arenas,CL,2021-04-02 21:39:10,-53.15,-70.9167,48.2,76,100,4.61
6,Castro,BR,2021-04-02 21:35:05,-24.7911,-50.0119,59.4,80,5,3.24
7,Alofi,NU,2021-04-02 21:39:10,-19.0595,-169.9187,84.2,70,38,9.22
8,Katsuura,JP,2021-04-02 21:39:11,35.1333,140.3,59.0,72,20,4.61
9,Xining,CN,2021-04-02 21:39:11,36.6167,101.7667,30.2,93,100,2.98
10,Mataura,NZ,2021-04-02 21:39:11,-46.1927,168.8643,46.99,84,85,5.01
11,Caravelas,BR,2021-04-02 21:39:12,-17.7125,-39.2481,77.49,82,37,6.22
12,Carnarvon,AU,2021-04-02 21:39:12,-24.8667,113.6333,77.0,94,33,10.36
13,Saint Anthony,US,2021-04-02 21:39:12,45.0205,-93.218,61.0,21,1,24.16
14,Bluff,NZ,2021-04-02 21:39:13,-46.6,168.3333,46.99,84,92,5.01
15,Cabo San Lucas,MX,2021-04-02 21:39:13,22.8909,-109.9124,88.0,29,75,2.3
16,Pacific Grove,US,2021-04-02 21:39:13,36.6177,-121.9166,59.0,63,1,8.05
17,Pisco,PE,2021-04-02 21:34:38,-13.7,-76.2167,75.2,69,0,8.05
18,Mahebourg,MU,2021-04-02 21:39:14,-20.4081,57.7,75.2,100,40,3.44
19,Georgetown,MY,2021-04-02 21:39:14,5.4112,100.3354,82.4,94,20,3.44
20,Upernavik,GL,2021-04-02 21:39:14,72.7868,-56.1549,-13.85,96,100,9.89
21,Cerrito,CO,2021-04-02 21:39:15,6.8432,-72.694,73.4,83,75,6.91
22,Albany,US,2021-04-02 21:39:15,42.6001,-73.9662,37.0,27,100,1.99
23,Cape Town,ZA,2021-04-02 21:35:09,-33.9258,18.4232,64.0,67,0,6.91
24,Vostok,RU,2021-04-02 21:39:16,46.4856,135.8833,34.56,96,100,7.74
25,Pizarro,CO,2021-04-02 21:39:16,4.9533,-77.366,81.18,79,98,6.08
26,Qandala,SO,2021-04-02 21:39:16,11.472,49.8728,79.86,56,6,3.09
27,Norman Wells,CA,2021-04-02 21:39:17,65.282,-126.8329,5.0,66,75,2.3
28,Ushuaia,AR,2021-04-02 21:39:17,-54.8,-68.3,51.8,62,75,16.11
29,Longyearbyen,SJ,2021-04-02 21:39:09,78.2186,15.6401,21.2,73,75,12.66
30,Walvis Bay,NA,2021-04-02 21:39:17,-22.9575,14.5053,66.2,72,18,10.36
31,Dikson,RU,2021-04-02 21:39:18,73.5069,80.5464,-17.95,84,92,4.88
32,Yellowknife,CA,2021-04-02 21:39:18,62.456,-114.3525,8.01,78,90,6.91
33,Tura,IN,2021-04-02 21:39:19,25.5198,90.2201,70.57,48,0,4.94
34,Pontes E Lacerda,BR,2021-04-02 21:39:19,-15.2261,-59.3353,74.62,91,100,1.05
35,Yining,CN,2021-04-02 21:39:20,29.0361,114.5636,56.77,94,100,3.4
36,Kamenka,RU,2021-04-02 21:39:20,51.3223,42.7678,42.01,67,57,9.35
37,Tayu,ID,2021-04-02 21:39:20,-6.5397,111.0518,77.05,90,36,4.47
38,Kapaa,US,2021-04-02 21:39:21,22.0752,-159.319,78.8,65,40,11.5
39,Mount Gambier,AU,2021-04-02 21:39:21,-37.8333,140.7667,60.8,51,0,12.66
40,Haimen,CN,2021-04-02 21:39:21,23.1935,116.6142,77.0,83,40,2.35
41,Vaini,TO,2021-04-02 21:39:22,-21.2,-175.2,80.6,89,75,3.44
42,San Cristobal,VE,2021-04-02 21:39:22,7.7669,-72.225,84.2,54,75,13.8
43,Coihaique,CL,2021-04-02 21:39:22,-45.5752,-72.0662,62.6,51,75,6.91
44,Wanaka,NZ,2021-04-02 21:39:23,-44.7,169.15,53.74,56,37,5.3
45,Busselton,AU,2021-04-02 21:39:23,-33.65,115.3333,63.0,83,100,1.01
46,Pevek,RU,2021-04-02 21:39:23,69.7008,170.3133,-11.25,90,8,1.72
47,Bilma,NE,2021-04-02 21:39:24,18.6853,12.9164,71.55,12,4,4.61
48,Pemba,MZ,2021-04-02 21:39:24,-12.974,40.5178,78.8,89,40,9.22
49,Ust-Omchug,RU,2021-04-02 21:39:24,61.15,149.6333,-2.65,96,85,2.55
50,Torbay,CA,2021-04-02 21:35:29,47.6666,-52.7314,42.8,93,75,14.97
51,Sovetskiy,RU,2021-04-02 21:39:25,61.3614,63.5842,24.64,96,18,4.59
52,Port Alfred,ZA,2021-04-02 21:39:25,-33.5906,26.891,61.5,82,26,11.27
53,Rikitea,PF,2021-04-02 21:39:25,-23.1203,-134.9692,77.38,76,99,10.42
54,Pangody,RU,2021-04-02 21:39:26,65.85,74.4859,27.82,95,100,8.48
55,Faya,SA,2021-04-02 21:39:26,18.3851,42.4509,66.2,67,0,0.94
56,Tasiilaq,GL,2021-04-02 21:39:26,65.6145,-37.6368,30.2,86,75,9.22
57,Chaozhou,CN,2021-04-02 21:39:27,23.6651,116.6379,77.0,83,40,2.73
58,Lompoc,US,2021-04-02 21:38:15,34.6391,-120.4579,66.0,63,25,9.22
59,Poum,NC,2021-04-02 21:39:27,-20.2333,164.0167,78.53,86,100,9.42
60,Ensenada,MX,2021-04-02 21:34:48,31.8667,-116.6167,68.0,74,0,3.0
61,Abay,KZ,2021-04-02 21:39:28,49.6311,72.8539,17.6,79,0,8.95
62,Lannion,FR,2021-04-02 21:39:28,48.75,-3.4167,44.6,76,0,11.5
63,Diu,IN,2021-04-02 21:39:28,20.7141,70.9822,75.88,76,89,6.55
64,Leh,IN,2021-04-02 21:39:29,34.1667,77.5833,24.76,45,90,7.43
65,Plastun,RU,2021-04-02 21:39:29,44.7561,136.2939,42.85,55,100,4.12
66,Hoquiam,US,2021-04-02 21:39:29,46.9809,-123.8893,57.0,62,20,11.5
67,Lebu,CL,2021-04-02 21:39:30,-37.6167,-73.65,56.26,86,5,15.46
68,Kaeo,NZ,2021-04-02 21:39:30,-35.1,173.7833,71.01,74,57,5.01
69,Tuatapere,NZ,2021-04-02 21:39:30,-46.1333,167.6833,46.99,84,100,5.01
70,Agirish,RU,2021-04-02 21:39:31,61.9247,63.0231,25.3,94,14,5.32
71,Kadyy,RU,2021-04-02 21:39:31,57.787,43.1903,30.27,96,96,4.29
72,Avarua,CK,2021-04-02 21:39:31,-21.2078,-159.775,84.2,70,28,16.11
73,Kruisfontein,ZA,2021-04-02 21:39:31,-34.0033,24.7314,55.99,94,0,3.0
74,Bubaque,GW,2021-04-02 21:39:32,11.2833,-15.8333,76.15,80,0,20.15
75,Qaanaaq,GL,2021-04-02 21:39:32,77.484,-69.3632,-18.56,80,100,9.46
76,Atuona,PF,2021-04-02 21:38:51,-9.8,-139.0333,80.55,80,24,13.18
77,Hobart,AU,2021-04-02 21:39:32,-42.8794,147.3294,69.01,59,0,10.36
78,Saint-Joseph,RE,2021-04-02 21:39:33,-21.3667,55.6167,77.0,88,75,14.97
79,Ribeira Grande,PT,2021-04-02 21:39:33,38.5167,-28.7,60.8,82,75,17.27
80,Cabedelo,BR,2021-04-02 21:38:59,-6.9811,-34.8339,80.6,78,0,6.91
81,Shache,CN,2021-04-02 21:39:34,38.4167,77.2406,39.67,65,12,3.58
82,Chuy,UY,2021-04-02 21:39:34,-33.6971,-53.4616,64.15,75,7,7.0
83,Fortuna,US,2021-04-02 21:39:34,40.5982,-124.1573,60.01,82,1,12.66
84,Ukiah,US,2021-04-02 21:39:35,39.1502,-123.2078,79.0,17,1,11.5
85,Ambilobe,MG,2021-04-02 21:39:35,-13.2,49.05,72.09,90,36,3.27
86,Zwedru,LR,2021-04-02 21:39:35,6.0667,-8.1281,74.86,90,53,2.89
87,Arraial Do Cabo,BR,2021-04-02 21:39:36,-22.9661,-42.0278,77.0,83,20,11.5
88,Lagoa,PT,2021-04-02 21:36:46,39.05,-27.9833,60.62,82,100,27.83
89,Lavrentiya,RU,2021-04-02 21:39:36,65.5833,-171.0,7.72,81,100,12.82
90,Eureka,US,2021-04-02 21:39:37,40.8021,-124.1637,59.0,70,100,3.0
91,Provideniya,RU,2021-04-02 21:39:37,64.3833,-173.3,10.81,89,100,15.57
92,Tiksi,RU,2021-04-02 21:39:37,71.6872,128.8694,-17.37,100,100,6.87
93,Vaitape,PF,2021-04-02 21:39:37,-16.5167,-151.75,81.68,70,0,1.81
94,Colares,PT,2021-04-02 21:39:38,38.7992,-9.4469,59.0,88,75,3.44
95,Axim,GH,2021-04-02 21:39:38,4.8699,-2.2405,79.41,89,66,7.99
96,Butaritari,KI,2021-04-02 21:39:39,3.0707,172.7902,81.77,81,32,16.91
97,Hermanus,ZA,2021-04-02 21:39:39,-34.4187,19.2345,61.0,77,61,1.99
98,Victoria,HK,2021-04-02 21:35:45,22.2855,114.1577,75.0,83,0,3.0
99,Svetlogorsk,BY,2021-04-02 21:39:39,52.6333,29.7333,35.91,70,76,5.14
100,Saskylakh,RU,2021-04-02 21:39:40,71.9167,114.0833,-38.07,100,61,2.57
101,Esperance,AU,2021-04-02 21:39:40,-33.8667,121.9,64.4,94,90,9.22
102,East London,ZA,2021-04-02 21:38:27,-33.0153,27.9116,63.57,80,98,15.46
103,Udachnyy,RU,2021-04-02 21:39:41,66.4167,112.4,-30.32,100,100,3.47
104,Bethel,US,2021-04-02 21:39:41,41.3712,-73.414,33.01,49,100,10.54
105,Alasehir,TR,2021-04-02 21:39:41,38.3508,28.5172,47.84,79,4,3.74
106,Airai,TL,2021-04-02 21:39:42,-8.9266,125.4092,60.84,96,100,3.4
107,Carutapera,BR,2021-04-02 21:39:42,-1.195,-46.02,76.84,92,62,6.11
108,Bredasdorp,ZA,2021-04-02 21:39:42,-34.5322,20.0403,50.0,93,35,4.61
109,Narsaq,GL,2021-04-02 21:39:42,60.9167,-46.05,37.4,81,75,4.07
110,Chicama,PE,2021-04-02 21:39:43,-7.8447,-79.1469,69.8,83,97,11.5
111,San Patricio,US,2021-04-02 21:39:43,28.017,-97.5169,71.6,46,75,16.11
112,Mackenzie,CA,2021-04-02 21:39:43,55.2999,-123.1698,37.4,60,90,4.61
113,Wellington,NZ,2021-04-02 21:39:43,-41.2866,174.7756,59.0,67,75,3.44
114,Lorengau,PG,2021-04-02 21:39:44,-2.0226,147.2712,82.15,78,98,4.94
115,Salinas,US,2021-04-02 21:39:01,36.6777,-121.6555,64.0,55,1,12.66
116,Sayyan,YE,2021-04-02 21:39:45,15.1718,44.3244,58.86,28,3,2.53
117,Brae,GB,2021-04-02 21:39:45,60.3964,-1.353,39.2,75,75,8.05
118,Marawi,PH,2021-04-02 21:39:45,7.9986,124.2928,69.71,95,100,0.76
119,Souillac,MU,2021-04-02 21:39:46,-20.5167,57.5167,75.2,100,40,3.44
120,Saint-Leu,RE,2021-04-02 21:39:46,-21.15,55.2833,77.0,88,75,14.97
121,Olafsvik,IS,2021-04-02 21:39:47,64.8945,-23.7142,41.36,89,79,20.8
122,Biak,ID,2021-04-02 21:39:47,-0.9131,122.8766,77.65,76,99,1.3
123,Sao Jose Da Coroa Grande,BR,2021-04-02 21:39:47,-8.8978,-35.1478,78.69,72,3,7.99
124,Iqaluit,CA,2021-04-02 21:39:48,63.7506,-68.5145,-4.0,65,1,3.44
125,Utete,TZ,2021-04-02 21:39:48,-7.986,38.758,71.08,96,100,2.1
126,Kamaishi,JP,2021-04-02 21:39:48,39.2667,141.8833,50.02,83,95,9.01
127,Egvekinot,RU,2021-04-02 21:39:48,66.3167,-179.1667,-1.14,79,100,18.92
128,Sao Filipe,CV,2021-04-02 21:39:49,14.8961,-24.4956,72.95,71,9,7.72
129,Broken Hill,AU,2021-04-02 21:39:49,-31.95,141.4333,60.8,59,0,5.75
130,Ravenna,IT,2021-04-02 21:39:49,44.4167,11.9833,61.0,63,0,1.14
131,Wichian Buri,TH,2021-04-02 21:39:50,15.6578,101.106,81.23,65,54,3.47
132,Necochea,AR,2021-04-02 21:39:50,-38.5473,-58.7368,66.67,68,99,8.88
133,Kirakira,SB,2021-04-02 21:39:50,-10.4544,161.9205,83.12,72,99,5.32
134,Batemans Bay,AU,2021-04-02 21:39:51,-35.7167,150.1833,65.16,57,0,3.27
135,Makat,KZ,2021-04-02 21:39:51,47.6469,53.3463,49.8,45,100,22.12
136,Luderitz,NA,2021-04-02 21:39:51,-26.6481,15.1594,70.47,47,0,13.38
137,Soure,BR,2021-04-02 21:39:52,-0.7167,-48.5233,78.51,82,21,6.49
138,Hasaki,JP,2021-04-02 21:39:52,35.7333,140.8333,52.0,82,20,3.44
139,Puerto Madryn,AR,2021-04-02 21:39:52,-42.7692,-65.0385,65.19,76,88,21.3
140,Guiratinga,BR,2021-04-02 21:39:53,-16.3494,-53.7583,79.47,61,66,3.8
141,Mackay,AU,2021-04-02 21:39:53,-21.15,149.2,72.0,83,75,16.11
142,Sawtell,AU,2021-04-02 21:39:53,-30.3833,153.1,66.2,88,40,10.36
143,Kahului,US,2021-04-02 21:39:54,20.8947,-156.47,80.6,57,20,18.41
144,Munai,PH,2021-04-02 21:39:54,7.9758,124.0636,70.81,97,100,2.3
145,Barrow,US,2021-04-02 21:39:54,71.2906,-156.7887,-16.6,69,1,5.75
146,Mar Del Plata,AR,2021-04-02 21:39:11,-38.0023,-57.5575,68.0,83,40,10.36
147,Klyuchi,RU,2021-04-02 21:39:55,52.2667,79.1667,24.04,84,79,9.64
148,Shingu,JP,2021-04-02 21:35:20,33.7333,135.9833,59.47,83,70,13.35
149,La Cruz,MX,2021-04-02 21:39:55,23.9167,-106.9,91.0,42,92,5.99
150,Kodiak,US,2021-04-02 21:39:56,57.79,-152.4072,37.4,30,40,3.44
151,Basco,PH,2021-04-02 21:39:56,20.4487,121.9702,79.66,75,65,10.94
152,Wajima,JP,2021-04-02 21:39:56,37.4,136.9,55.89,73,13,2.75
153,Corpus Christi,US,2021-04-02 21:39:57,27.8006,-97.3964,71.6,52,75,20.71
154,Hermiston,US,2021-04-02 21:38:07,45.8404,-119.2895,66.99,32,1,4.61
155,Serenje,ZM,2021-04-02 21:39:57,-13.2325,30.2352,57.67,94,4,4.29
156,Abu Dhabi,AE,2021-04-02 21:35:34,24.4667,54.3667,77.0,69,0,2.3
157,Jamestown,US,2021-04-02 21:36:54,42.097,-79.2353,36.0,34,1,16.11
158,Geraldton,AU,2021-04-02 21:39:58,-28.7667,114.6,69.8,88,80,12.66
159,Saint-Philippe,RE,2021-04-02 21:39:58,-21.3585,55.7679,77.0,88,75,14.97
160,Isangel,VU,2021-04-02 21:39:58,-19.55,169.2667,82.4,89,90,6.06
161,Vestmannaeyjar,IS,2021-04-02 21:39:59,63.4427,-20.2734,43.61,80,100,11.86
162,Nanortalik,GL,2021-04-02 21:39:59,60.1432,-45.2371,35.73,98,100,1.12
163,Svay Rieng,KH,2021-04-02 21:39:59,11.0879,105.7993,80.24,80,100,9.01
164,Guayaramerin,BO,2021-04-02 21:39:59,-10.8368,-65.3614,76.19,95,99,2.64
165,Zhuzhou,CN,2021-04-02 21:40:00,27.8333,113.15,55.4,94,75,8.95
166,Taltal,CL,2021-04-02 21:40:00,-25.4,-70.4833,67.98,73,23,5.12
167,Watertown,US,2021-04-02 21:38:16,42.3709,-71.1828,37.4,40,90,13.8
168,Hilo,US,2021-04-02 21:40:01,19.7297,-155.09,80.6,54,1,9.22
169,Codrington,AU,2021-04-02 21:40:01,-38.2667,141.9667,69.51,37,0,14.67
170,Maningrida,AU,2021-04-02 21:40:01,-12.0667,134.2667,73.11,88,100,7.58
171,Puerto Ayora,EC,2021-04-02 21:36:34,-0.7393,-90.3518,80.6,83,40,9.22
172,La Primavera,CO,2021-04-02 21:40:02,5.4906,-70.4092,87.26,52,89,3.87
173,Mamontovo,RU,2021-04-02 21:40:02,52.7055,81.6244,26.17,84,91,11.97
174,Lixourion,GR,2021-04-02 21:40:03,38.2019,20.4314,57.04,88,11,6.11
175,Koungou,YT,2021-04-02 21:40:03,-12.7336,45.2042,80.6,83,18,4.61
176,Portland,US,2021-04-02 21:35:44,45.5234,-122.6762,63.0,44,75,4.61
177,Luganville,VU,2021-04-02 21:40:03,-15.5333,167.1667,83.3,75,100,2.91
178,Komsomolskiy,UZ,2021-04-02 21:40:04,40.4272,71.7189,41.0,36,0,2.3
179,Turayf,SA,2021-04-02 21:40:04,31.6725,38.6637,46.4,71,0,13.8
180,Leningradskiy,RU,2021-04-02 21:40:04,69.3833,178.4167,-13.59,96,100,2.73
181,Meulaboh,ID,2021-04-02 21:40:05,4.1363,96.1285,77.36,77,100,2.57
182,Saint George,US,2021-04-02 21:36:07,37.1041,-113.5841,84.99,11,1,3.44
183,Saint-Augustin,CA,2021-04-02 21:40:05,51.226,-58.6502,36.57,99,100,6.2
184,Marrakesh,MA,2021-04-02 21:39:51,31.6315,-8.0083,68.0,52,0,12.66
185,Chokurdakh,RU,2021-04-02 21:40:06,70.6333,147.9167,-17.54,100,98,3.29
186,Zaozerne,UA,2021-04-02 21:40:06,45.1582,33.2787,47.39,94,100,18.97
187,Kagadi,UG,2021-04-02 21:40:06,0.9606,30.7967,61.77,94,100,2.28
188,Faanui,PF,2021-04-02 21:40:07,-16.4833,-151.75,81.68,70,0,1.66
189,Dwarahat,IN,2021-04-02 21:40:07,29.7833,79.4333,45.32,15,0,5.12
190,Freeport,US,2021-04-02 21:37:36,40.6576,-73.5832,37.99,35,90,11.5
191,Tongliao,CN,2021-04-02 21:40:08,43.6125,122.2653,40.75,23,100,15.37
192,Tilichiki,RU,2021-04-02 21:40:08,60.4667,166.1,7.97,83,78,4.63
193,Santa Fe,AR,2021-04-02 21:37:03,-31.6333,-60.7,69.33,56,13,6.6
194,Port Elizabeth,ZA,2021-04-02 21:40:08,-33.918,25.5701,59.0,82,20,8.05
195,Gat,IL,2021-04-02 21:40:09,31.61,34.7642,55.99,100,13,6.04
196,Shchigry,RU,2021-04-02 21:40:09,51.8755,36.9043,33.01,100,100,8.95
197,Jiazi,CN,2021-04-02 21:40:09,22.8779,116.067,73.94,91,0,3.8
198,College,US,2021-04-02 21:40:10,64.8569,-147.8028,9.0,61,75,2.51
199,Akcakoca,TR,2021-04-02 21:40:10,41.0866,31.1162,47.91,73,85,7.36
200,Bengkulu,ID,2021-04-02 21:40:10,-3.8004,102.2655,75.18,90,74,7.87
201,Yumen,CN,2021-04-02 21:40:11,40.2833,97.2,40.96,23,100,18.16
202,Haines Junction,CA,2021-04-02 21:40:12,60.7522,-137.5108,26.6,36,99,5.75
203,Tuktoyaktuk,CA,2021-04-02 21:40:13,69.4541,-133.0374,-14.8,70,75,6.91
204,Kungurtug,RU,2021-04-02 21:40:13,50.5994,97.5228,10.18,89,5,1.86
205,Zabol,AF,2021-04-02 21:40:13,32.25,67.25,54.27,29,0,7.0
206,Totskoye,RU,2021-04-02 21:40:14,52.5248,52.7623,28.63,96,100,5.5
207,Vila,PT,2021-04-02 21:40:14,42.0304,-8.1588,53.01,93,100,2.91
208,Mitsamiouli,KM,2021-04-02 21:40:14,-11.3847,43.2844,81.9,78,80,12.62
209,Aklavik,CA,2021-04-02 21:40:15,68.2191,-135.0107,-5.8,59,100,3.44
210,Sidi Ali,DZ,2021-04-02 21:40:15,36.0998,0.4206,56.12,66,0,7.45
211,Lasa,IT,2021-04-02 21:40:15,46.6166,10.7002,66.2,100,75,5.75
212,Kudahuvadhoo,MV,2021-04-02 21:40:16,2.6708,72.8944,82.85,75,13,15.68
213,Murfreesboro,US,2021-04-02 21:40:16,35.8456,-86.3903,53.01,22,1,4.61
214,Fuyu,CN,2021-04-02 21:40:16,45.1833,124.8167,38.64,28,100,10.67
215,Koumac,NC,2021-04-02 21:40:17,-20.5667,164.2833,77.65,87,100,6.04
216,Portales,US,2021-04-02 21:40:17,34.1862,-103.3344,73.0,20,1,12.66
217,Saldanha,ZA,2021-04-02 21:40:17,-33.0117,17.9442,62.6,63,16,4.61
218,Hastings,GB,2021-04-02 21:40:18,50.8552,0.5729,45.0,70,64,5.99
219,Camacha,PT,2021-04-02 21:40:18,33.0833,-16.3333,62.6,67,75,10.36
220,Mindelo,CV,2021-04-02 21:40:18,16.8901,-24.9804,69.8,78,75,32.21
221,La Palma,US,2021-04-02 21:40:18,33.8464,-118.0467,75.2,64,1,13.8
222,Mnogovershinnyy,RU,2021-04-02 21:40:19,53.9353,139.9242,30.25,99,100,4.16
223,Andapa,MG,2021-04-02 21:40:19,-14.65,49.65,68.0,98,61,2.62
224,Kaduqli,SD,2021-04-02 21:40:19,11.0167,29.7167,82.27,13,17,8.28
225,Rawson,AR,2021-04-02 21:40:19,-43.3002,-65.1023,67.89,64,85,17.94
226,Baiyin,CN,2021-04-02 21:36:29,36.5583,104.2081,42.01,100,90,4.47
227,Lamu,KE,2021-04-02 21:40:20,-2.2717,40.902,82.4,78,1,8.05
228,Teknaf,BD,2021-04-02 21:40:20,20.8624,92.3058,73.33,90,0,3.18
229,Matamoros,MX,2021-04-02 21:40:21,25.5333,-103.25,88.0,23,75,7.85
230,Karratha,AU,2021-04-02 21:40:21,-20.7377,116.8463,79.39,54,1,10.09
231,Star Dojran,MK,2021-04-02 21:40:22,41.1875,22.7208,54.0,83,77,1.01
232,Dingle,PH,2021-04-02 21:40:22,10.9995,122.6711,74.68,91,85,6.93
233,Meiningen,DE,2021-04-02 21:37:14,50.5679,10.4152,42.01,61,43,7.67
234,Mayo,US,2021-04-02 21:40:22,38.8876,-76.5119,46.0,33,40,18.41
235,La Ronge,CA,2021-04-02 21:40:23,55.1001,-105.2842,39.2,52,94,14.97
236,Surgut,RU,2021-04-02 21:40:23,61.25,73.4167,33.8,100,75,11.18
237,Impfondo,CG,2021-04-02 21:40:23,1.6381,18.0667,74.07,83,100,2.89
238,Klaksvik,FO,2021-04-02 21:40:24,62.2266,-6.589,42.8,87,75,19.57
239,Beyneu,KZ,2021-04-02 21:40:24,45.3167,55.2,53.13,32,1,20.62
240,Rognan,NO,2021-04-02 21:40:24,67.0953,15.3878,35.01,88,100,1.01
241,Grand Gaube,MU,2021-04-02 21:40:25,-20.0064,57.6608,77.0,84,6,3.0
242,Sabang,ID,2021-04-02 21:40:25,5.8933,95.3214,83.35,71,100,15.32
243,Sao Joao Da Barra,BR,2021-04-02 21:40:25,-21.6403,-41.0511,78.8,73,0,13.8
244,Baykit,RU,2021-04-02 21:40:26,61.67,96.37,16.34,97,100,1.01
245,Kayerkan,RU,2021-04-02 21:40:26,69.3497,87.7602,-17.03,90,22,5.84
246,Wakefield,GB,2021-04-02 21:40:26,53.6809,-1.499,43.0,81,5,8.52
247,Margate,GB,2021-04-02 21:40:27,51.3813,1.3862,45.0,73,79,1.99
248,Kaitangata,NZ,2021-04-02 21:40:27,-46.2817,169.8464,51.01,71,86,5.99
249,Padang,ID,2021-04-02 21:40:27,-0.9492,100.3543,77.0,78,90,3.44
250,Adrar,MR,2021-04-02 21:40:28,20.5022,-10.0711,86.34,6,93,9.86
251,Zheleznodorozhnyy,RU,2021-04-02 21:40:28,55.7503,38.0042,32.0,93,71,4.47
252,Washington,US,2021-04-02 21:37:20,47.5001,-120.5015,64.0,33,99,5.3
253,Avera,US,2021-04-02 21:40:29,33.194,-82.5271,55.4,21,1,9.22
254,Benghazi,LY,2021-04-02 21:40:29,32.1167,20.0667,60.55,51,4,8.55
255,Anadyr,RU,2021-04-02 21:40:29,64.75,177.4833,6.8,85,75,26.84
256,Qasigiannguit,GL,2021-04-02 21:40:30,68.8193,-51.1922,8.6,61,75,8.05
257,Cherskiy,RU,2021-04-02 21:40:30,68.75,161.3,-0.26,75,100,5.64
258,Vila Velha,BR,2021-04-02 21:40:30,-20.3297,-40.2925,78.8,73,0,5.75
259,San Andres,CO,2021-04-02 21:40:31,12.5847,-81.7006,86.0,66,75,14.97
260,Pressbaum,AT,2021-04-02 21:40:31,48.176,16.0477,48.99,66,90,2.3
261,Warrnambool,AU,2021-04-02 21:40:31,-38.3833,142.4833,69.01,59,0,7.0
262,Coquimbo,CL,2021-04-02 21:36:27,-29.9533,-71.3436,62.6,72,0,12.66
263,Mehamn,NO,2021-04-02 21:40:32,71.0357,27.8492,27.25,91,95,6.85
264,Newburgh,US,2021-04-02 21:38:28,41.5034,-74.0104,37.0,41,90,10.36
265,Celestun,MX,2021-04-02 21:40:32,20.8667,-90.4,75.36,63,65,19.77
266,Paamiut,GL,2021-04-02 21:40:33,61.994,-49.6678,25.48,96,100,14.47
267,Dolores,AR,2021-04-02 21:40:33,-36.3132,-57.6792,60.94,88,1,7.47
268,Ilulissat,GL,2021-04-02 21:40:33,69.2167,-51.1,8.6,61,75,8.05
269,Serafimovich,RU,2021-04-02 21:40:34,49.5786,42.736,41.0,63,40,4.0
270,Shimla,IN,2021-04-02 21:40:34,31.1,77.1667,59.0,41,1,1.14
271,Antalaha,MG,2021-04-02 21:40:34,-14.9003,50.2788,74.7,88,29,7.76
272,Champerico,GT,2021-04-02 21:40:35,14.3,-91.9167,91.4,52,75,13.8
273,Byron Bay,AU,2021-04-02 21:40:35,-28.65,153.6167,71.6,60,75,10.36
274,Hamilton,US,2021-04-02 21:40:35,39.1834,-84.5333,48.99,27,1,4.61
275,Khorramshahr,IR,2021-04-02 21:40:36,30.4397,48.1664,80.6,29,40,16.11
276,Havelock,US,2021-04-02 21:40:36,34.8791,-76.9013,48.2,29,1,12.66
277,Auki,SB,2021-04-02 21:40:36,-8.7676,160.7034,82.56,72,85,3.29
278,Hauterive,FR,2021-04-02 21:40:36,46.0901,3.4459,51.8,46,0,12.66
279,Ahome,MX,2021-04-02 21:40:37,25.9167,-109.1833,89.6,17,75,8.05
280,George,ZA,2021-04-02 21:40:37,-33.963,22.4617,55.4,88,0,1.14
281,Pine Bluff,US,2021-04-02 21:40:38,34.2284,-92.0032,57.2,30,1,8.05
282,Bambous Virieux,MU,2021-04-02 21:40:38,-20.3428,57.7575,77.0,100,40,3.44
283,Palmer,US,2021-04-02 21:40:38,42.1584,-72.3287,34.0,37,90,12.66
284,Balabac,PH,2021-04-02 21:40:39,7.9868,117.0645,79.03,84,68,5.1
285,Harper,LR,2021-04-02 21:40:39,4.375,-7.7169,78.64,89,41,7.4
286,Nurota,UZ,2021-04-02 21:40:39,40.5614,65.6886,50.0,34,100,18.41
287,Lincoln,US,2021-04-02 21:36:33,40.8,-96.667,75.2,19,1,26.46
288,Port Hedland,AU,2021-04-02 21:38:02,-20.3167,118.5667,73.4,49,7,10.36
289,San Policarpo,PH,2021-04-02 21:40:40,12.1791,125.5072,80.15,73,25,9.13
290,Husavik,IS,2021-04-02 21:40:40,66.0449,-17.3389,42.8,52,0,25.32
291,Ales,FR,2021-04-02 21:40:41,44.1333,4.0833,66.2,67,0,5.75
292,Muisne,EC,2021-04-02 21:40:41,0.6,-80.0333,86.0,79,40,5.75
293,Mountain Home,US,2021-04-02 21:40:41,43.133,-115.6912,69.8,14,1,10.36
294,Kuyanovo,RU,2021-04-02 21:40:41,55.8014,54.5372,32.14,82,87,11.59
295,Beringovskiy,RU,2021-04-02 21:40:42,63.05,179.3167,8.46,85,99,13.82
296,Shagonar,RU,2021-04-02 21:40:42,51.5333,92.8,23.56,75,29,1.39
297,Mogadishu,SO,2021-04-02 21:40:42,2.0371,45.3438,81.59,77,24,10.27
298,Coihueco,CL,2021-04-02 21:36:55,-36.6167,-71.8333,75.2,38,0,8.05
299,Richards Bay,ZA,2021-04-02 21:40:43,-28.783,32.0377,72.37,90,92,17.47
300,Smithers,CA,2021-04-02 21:40:43,54.7804,-127.1743,41.0,52,90,5.75
301,Thompson,CA,2021-04-02 21:40:44,55.7435,-97.8558,48.2,31,20,17.27
302,Yar-Sale,RU,2021-04-02 21:40:44,66.8333,70.8333,29.61,98,100,5.93
303,Guerrero Negro,MX,2021-04-02 21:37:02,27.9769,-114.0611,67.3,58,0,19.8
304,Uzhhorod,UA,2021-04-02 21:40:44,48.6167,22.3,33.01,64,10,6.98
305,Huacho,PE,2021-04-02 21:40:45,-11.1067,-77.605,72.55,77,19,9.91
306,Lorica,CO,2021-04-02 21:40:45,9.2365,-75.8135,83.14,74,100,10.0
307,New Norfolk,AU,2021-04-02 21:40:46,-42.7826,147.0587,69.01,31,0,10.0
308,Pacifica,US,2021-04-02 21:40:46,37.6138,-122.4869,64.0,76,1,11.5
309,Nouakchott,MR,2021-04-02 21:36:03,18.0858,-15.9785,77.0,57,88,17.27
310,Simao,CN,2021-04-02 21:40:46,22.7886,100.9748,60.58,37,22,1.59
311,Barwala,IN,2021-04-02 21:40:47,29.3833,75.9167,65.8,6,1,7.47
312,Hithadhoo,MV,2021-04-02 21:40:47,-0.6,73.0833,83.53,76,88,19.89
313,Jati,PK,2021-04-02 21:40:47,24.3539,68.2671,80.89,45,0,6.26
314,Buraydah,SA,2021-04-02 21:40:48,26.326,43.975,75.2,23,40,13.8
315,Yenagoa,NG,2021-04-02 21:40:48,4.9247,6.2642,79.47,83,62,4.45
316,Kathu,TH,2021-04-02 21:40:48,7.9178,98.3332,84.99,100,75,2.3
317,Soyo,AO,2021-04-02 21:40:49,-6.1349,12.3689,81.86,81,96,5.26
318,Elko,US,2021-04-02 21:37:07,41.0002,-115.5012,71.6,11,1,6.91
319,Lambarene,GA,2021-04-02 21:40:49,-0.7001,10.2406,75.29,95,99,2.73
320,Asau,RO,2021-04-02 21:40:49,46.4333,26.4,42.01,51,100,2.48
321,French Harbor,HN,2021-04-02 21:40:50,16.35,-86.4333,82.4,78,75,17.27
322,Cockburn Town,TC,2021-04-02 21:40:50,21.4612,-71.1419,80.6,69,20,11.5
323,The Valley,AI,2021-04-02 21:37:42,18.217,-63.0578,80.6,69,40,19.57
324,Scarborough,GB,2021-04-02 21:40:51,54.2797,-0.4044,43.0,83,3,4.0
325,Abong Mbang,CM,2021-04-02 21:40:51,3.9833,13.1833,72.21,54,45,2.77
326,Ponta Delgada,PT,2021-04-02 21:36:41,37.7333,-25.6667,60.8,88,75,14.97
327,Tarbagatay,RU,2021-04-02 21:40:51,51.4803,107.3602,19.4,79,0,2.48
328,Garowe,SO,2021-04-02 21:40:52,8.4054,48.4845,75.33,55,6,8.55
329,Hovd,MN,2021-04-02 21:40:52,48.0056,91.6419,25.75,38,0,2.8
330,Ambovombe,MG,2021-04-02 21:40:52,-25.1667,46.0833,69.82,78,17,6.89
331,Prince Rupert,CA,2021-04-02 21:39:41,54.3161,-130.3201,41.0,81,90,17.27
332,Yarega,RU,2021-04-02 21:40:53,63.4354,53.5765,20.35,98,36,3.36
333,Farah,AF,2021-04-02 21:40:53,32.5,62.5,67.26,22,50,1.43
334,Paracuru,BR,2021-04-02 21:40:53,-3.41,-39.0306,82.99,74,46,15.99
335,Tutoia,BR,2021-04-02 21:40:54,-2.7619,-42.2744,79.34,82,70,7.81
336,Fare,PF,2021-04-02 21:40:54,-16.7,-151.0167,81.72,69,0,0.72
337,Novopokrovka,UA,2021-04-02 21:40:54,49.8425,36.5477,50.0,76,0,8.95
338,Acapulco,MX,2021-04-02 21:40:22,16.8634,-99.8901,87.8,58,1,11.5
339,Acari,PE,2021-04-02 21:40:55,-15.4311,-74.6158,75.81,70,13,7.11
340,Rawlins,US,2021-04-02 21:40:55,41.7911,-107.2387,66.2,7,1,23.02
341,Finnsnes,NO,2021-04-02 21:40:56,69.2296,17.9811,33.8,75,75,5.75
342,Los Llanos De Aridane,ES,2021-04-02 21:40:56,28.6585,-17.9182,66.2,77,20,12.66
343,Mubarakpur,IN,2021-04-02 21:40:56,26.09,83.2922,72.43,8,0,4.21
344,Santiago,CL,2021-04-02 21:39:47,-33.4569,-70.6483,75.2,43,40,6.91
345,Severo-Kurilsk,RU,2021-04-02 21:40:57,50.6789,156.125,30.49,78,28,16.64
346,Port Macquarie,AU,2021-04-02 21:40:57,-31.4333,152.9167,64.99,99,99,1.99
347,Peniche,PT,2021-04-02 21:40:58,39.3558,-9.3811,57.0,88,100,3.0
348,Abnub,EG,2021-04-02 21:40:58,27.2696,31.1511,60.37,34,0,5.5
349,Henties Bay,NA,2021-04-02 21:40:58,-22.116,14.2845,64.0,87,5,1.99
350,Broome,US,2021-04-02 21:40:58,42.2506,-75.833,33.01,40,1,16.11
351,Vila Do Maio,CV,2021-04-02 21:40:59,15.1333,-23.2167,77.0,44,0,19.57
352,San Jeronimo,PE,2021-04-02 21:40:59,-11.9472,-75.2829,59.54,61,62,2.53
353,Hailar,CN,2021-04-02 21:40:59,49.2,119.7,24.78,55,0,10.13
354,Laguna,US,2021-04-02 21:41:00,38.421,-121.4238,82.99,14,1,6.91
355,Qaqortoq,GL,2021-04-02 21:41:00,60.7167,-46.0333,37.4,81,75,3.58
356,Conceicao Da Barra,BR,2021-04-02 21:41:00,-18.5933,-39.7322,76.3,82,55,6.55
357,Kishtwar,IN,2021-04-02 21:41:01,33.3167,75.7667,40.91,42,0,5.95
358,Sao Gabriel Da Cachoeira,BR,2021-04-02 21:41:01,-0.1303,-67.0892,77.05,96,97,2.68
359,Cayenne,GF,2021-04-02 21:41:01,4.9333,-52.3333,77.0,88,0,5.75
360,Mangrol,IN,2021-04-02 21:41:02,21.1167,70.1167,77.14,75,72,3.94
361,Grevesmuhlen,DE,2021-04-02 21:41:02,53.8667,11.1833,42.01,88,49,5.99
362,Buchanan,LR,2021-04-02 21:41:03,5.8808,-10.0467,80.6,94,20,6.4
363,Ulladulla,AU,2021-04-02 21:41:03,-35.35,150.4667,62.01,88,1,11.5
364,Rocky Mountain House,CA,2021-04-02 21:41:03,52.3668,-114.9188,46.4,31,100,12.66
365,Namatanai,PG,2021-04-02 21:41:04,-3.6667,152.4333,83.43,73,100,6.33
366,Tucumcari,US,2021-04-02 21:41:04,35.1717,-103.725,75.2,17,1,13.8
367,Zabid,YE,2021-04-02 21:41:04,14.1951,43.3152,78.87,76,4,8.95
368,Lodja,CD,2021-04-02 21:41:05,-3.4833,23.4333,70.9,94,77,1.14
369,Garh Maharaja,PK,2021-04-02 21:41:05,30.8339,71.9053,66.13,8,0,8.19
370,Mao,ES,2021-04-02 21:41:05,39.8885,4.2658,57.2,94,20,3.44
371,Redlands,US,2021-04-02 21:38:05,34.0556,-117.1825,84.0,22,0,3.0
372,Kalmunai,LK,2021-04-02 21:41:06,7.4167,81.8167,77.56,86,5,3.24
373,Palana,RU,2021-04-02 21:41:06,59.1167,159.9667,11.26,92,99,13.38
374,Bluefields,NI,2021-04-02 21:41:07,12.0137,-83.7635,84.2,70,40,13.8
375,Mantua,IT,2021-04-02 21:41:07,45.1667,10.7833,61.0,62,0,1.14
376,Pushkino,RU,2021-04-02 21:41:07,56.0172,37.8667,33.8,86,0,2.24
377,Cidreira,BR,2021-04-02 21:41:08,-30.1811,-50.2056,69.08,81,94,12.64
378,Astoria,US,2021-04-02 21:41:08,46.1879,-123.8313,55.0,66,40,10.36
379,Puliyankudi,IN,2021-04-02 21:41:08,9.1667,77.4167,79.25,74,68,10.13
380,Talaya,RU,2021-04-02 21:41:09,61.3833,152.75,-10.46,89,61,0.98
381,Alice Springs,AU,2021-04-02 21:37:02,-23.7,133.8833,55.4,82,0,5.75
382,Talakan,RU,2021-04-02 21:41:09,50.3167,130.3667,27.5,61,99,17.38
383,Port Blair,IN,2021-04-02 21:41:10,11.6667,92.75,76.84,70,100,4.05
384,Ponta Do Sol,PT,2021-04-02 21:41:10,32.6667,-17.1,62.6,72,40,6.91
385,Fort Frances,CA,2021-04-02 21:39:15,48.5999,-93.4003,55.4,26,1,12.66
386,Jumla,NP,2021-04-02 21:41:10,29.2747,82.1838,36.36,31,0,7.43
387,Kizema,RU,2021-04-02 21:41:11,61.113,44.8302,24.93,98,95,1.28
388,Saint-Pierre,RE,2021-04-02 21:41:11,-21.3393,55.4781,77.0,94,75,19.57
389,Tombouctou,ML,2021-04-02 21:41:11,20.0,-3.0,83.79,9,22,11.34
390,Westport,US,2021-04-02 21:37:52,41.1415,-73.3579,36.0,35,90,12.66
391,Port-Gentil,GA,2021-04-02 21:41:12,-0.7193,8.7815,78.8,89,20,3.44
392,Ulaangom,MN,2021-04-02 21:41:12,49.9811,92.0667,26.58,50,0,3.94
393,Athabasca,CA,2021-04-02 21:41:12,54.7169,-113.2854,44.6,33,100,9.22
394,Gazanjyk,TM,2021-04-02 21:41:13,39.2446,55.5154,66.69,41,99,5.95
395,Luba,GQ,2021-04-02 21:41:13,3.4568,8.5547,80.6,89,20,4.61
396,Loubomo,CG,2021-04-02 21:41:13,-4.1997,12.6739,72.9,95,97,3.36
397,Man,CI,2021-04-02 21:41:14,7.4125,-7.5538,78.82,69,62,3.22
398,Labuhan,ID,2021-04-02 21:41:14,-6.8844,112.2051,77.74,87,61,4.03
399,Sarrebourg,FR,2021-04-02 21:41:14,48.7333,7.05,46.4,61,0,10.36
400,Dunedin,NZ,2021-04-02 21:41:15,-45.8742,170.5036,54.0,62,48,11.01
401,Santa Maria Del Oro,MX,2021-04-02 21:41:15,25.9333,-105.3667,82.11,20,100,1.41
402,Campbell River,CA,2021-04-02 21:41:15,50.0163,-125.2446,48.99,53,75,8.05
403,Gisors,FR,2021-04-02 21:41:16,49.2818,1.7801,42.8,70,40,14.97
404,Gamba,GA,2021-04-02 21:41:16,-2.65,10.0,78.48,86,99,2.73
405,Doka,SD,2021-04-02 21:41:16,13.5167,35.7667,84.63,35,0,6.08
406,Belmonte,BR,2021-04-02 21:41:17,-15.8631,-38.8828,77.0,94,75,2.3
407,Pocatello,US,2021-04-02 21:39:20,42.8713,-112.4455,71.6,14,1,19.57
408,Kempsey,AU,2021-04-02 21:41:17,-31.0833,152.8333,64.99,94,97,4.0
409,Vanimo,PG,2021-04-02 21:41:17,-2.6741,141.3028,76.1,91,100,3.56
410,Zielona Gora,PL,2021-04-02 21:41:18,51.9355,15.5064,42.01,43,88,7.43
411,Somerset,US,2021-04-02 21:37:53,40.5668,-74.5496,42.8,24,75,14.97
412,Zabkowice Slaskie,PL,2021-04-02 21:41:19,50.5897,16.8124,41.0,82,86,5.41
413,Pemangkat,ID,2021-04-02 21:41:19,1.1667,108.9667,75.94,87,44,6.04
414,Ust-Nera,RU,2021-04-02 21:41:19,64.5667,143.2,3.81,98,100,2.33
415,Ahipara,NZ,2021-04-02 21:41:20,-35.1667,173.1667,68.05,69,31,9.66
416,Makokou,GA,2021-04-02 21:41:20,0.5738,12.8642,70.38,97,100,0.45
417,Tonj,SS,2021-04-02 21:41:21,7.2737,28.6822,80.26,37,69,4.61
418,Ndele,CF,2021-04-02 21:41:21,8.4109,20.6473,88.65,25,92,4.9
419,Nyurba,RU,2021-04-02 21:41:22,63.2842,118.3319,-26.21,99,62,3.33
420,Hambantota,LK,2021-04-02 21:41:22,6.1241,81.1185,75.2,100,0,3.44
421,Inirida,CO,2021-04-02 21:41:23,3.8653,-67.9239,78.51,90,97,2.66
422,Mikhaylovka,RU,2021-04-02 21:41:23,50.06,43.2379,41.0,63,96,4.0
423,Lagos,NG,2021-04-02 21:41:23,6.5833,3.75,84.2,84,20,8.05
424,Fort Nelson,CA,2021-04-02 21:41:24,58.8053,-122.7002,24.8,46,40,3.44
425,San Blas,MX,2021-04-02 21:41:24,21.5167,-105.2667,95.0,28,75,5.75
426,Nome,US,2021-04-02 21:41:24,64.5011,-165.4064,12.99,85,90,24.16
427,Kattivakkam,IN,2021-04-02 21:41:24,13.2167,80.3167,82.4,78,20,11.5
428,Rio Gallegos,AR,2021-04-02 21:41:25,-51.6226,-69.2181,60.8,41,0,8.05
429,Abu Samrah,SY,2021-04-02 21:41:25,35.3029,37.1841,46.87,88,7,17.11
430,Jinan,CN,2021-04-02 21:41:26,36.6683,116.9972,51.01,87,100,3.0
431,Bakonycsernye,HU,2021-04-02 21:41:26,47.324,18.0751,51.01,70,0,6.91
432,Portree,GB,2021-04-02 21:41:26,57.4129,-6.1942,39.0,83,12,1.01
433,Yulara,AU,2021-04-02 21:41:27,-25.2406,130.9889,62.6,51,0,5.75
434,Nuuk,GL,2021-04-02 21:41:05,64.1835,-51.7216,17.6,86,75,14.97
435,Sitka,US,2021-04-02 21:38:34,57.0531,-135.33,37.4,81,90,1.99
436,Navalmoral De La Mata,ES,2021-04-02 21:41:27,39.8916,-5.5406,52.14,85,18,2.77
437,Rubik,AL,2021-04-02 21:41:28,41.7744,19.7861,55.4,76,90,1.14
438,Panguna,PG,2021-04-02 21:41:28,-6.3164,155.4848,77.29,74,63,2.93
439,Pangnirtung,CA,2021-04-02 21:41:28,66.1451,-65.7125,-13.0,58,1,2.3
440,Kitui,KE,2021-04-02 21:41:29,-1.367,38.0106,66.97,87,100,6.67
441,Galle,LK,2021-04-02 21:40:21,6.0367,80.217,80.85,84,58,9.8
442,Salta,AR,2021-04-02 21:41:29,-24.7859,-65.4117,68.0,73,75,9.22
443,Pouebo,NC,2021-04-02 21:41:30,-20.4,164.5667,77.27,89,100,9.33
444,Progreso,MX,2021-04-02 21:41:30,21.2833,-89.6667,80.01,47,75,13.8
445,Huanren,CN,2021-04-02 21:38:12,41.2647,125.3667,46.71,93,100,2.53
446,Changli,CN,2021-04-02 21:41:30,39.7042,119.1506,47.59,54,100,14.0
447,Taoudenni,ML,2021-04-02 21:41:31,22.6783,-3.9836,91.22,7,64,9.08
448,Dalbandin,PK,2021-04-02 21:41:31,28.8947,64.4101,71.65,19,0,2.33
449,Kota Kinabalu,MY,2021-04-02 21:41:31,5.9749,116.0724,73.4,88,20,4.61
450,Mirnyy,RU,2021-04-02 21:41:32,62.5353,113.9611,-23.84,100,84,1.36
451,Abrau-Dyurso,RU,2021-04-02 21:41:32,44.69,37.59,46.4,71,61,13.42
452,Sarny,UA,2021-04-02 21:41:33,51.338,26.6019,36.91,65,27,3.51
453,Ouadda,CF,2021-04-02 21:41:33,8.0777,22.4007,75.85,53,73,2.68
454,Mizque,BO,2021-04-02 21:41:33,-17.941,-65.3402,65.88,72,88,4.79
455,Pombas,CV,2021-04-02 21:41:34,17.1503,-25.0201,69.8,78,75,32.21
456,San Carlos,VE,2021-04-02 21:41:34,9.6612,-68.5827,94.73,28,14,4.61
457,Moscow,RU,2021-04-02 21:38:46,55.7522,37.6156,33.8,86,0,2.24
458,Krasnooktyabrskiy,RU,2021-04-02 21:41:34,44.9328,38.3712,46.99,71,19,11.54
459,Kisangani,CD,2021-04-02 21:41:35,0.5167,25.2,69.33,99,99,2.48
460,Nocupetaro,MX,2021-04-02 21:41:36,19.05,-101.15,97.09,15,1,7.11
461,Verkhnevilyuysk,RU,2021-04-02 21:41:36,63.4453,120.3167,-17.95,98,55,5.84
462,Sundsvall,SE,2021-04-02 21:41:36,62.3913,17.3063,37.99,52,90,19.57
463,Bintulu,MY,2021-04-02 21:41:37,3.1667,113.0333,77.0,88,20,2.3
464,Sakaiminato,JP,2021-04-02 21:41:37,35.55,133.2333,60.8,72,20,3.44
465,Goderich,CA,2021-04-02 21:41:37,43.7501,-81.7165,33.8,40,5,9.22
466,Turka,UA,2021-04-02 21:41:38,49.1541,23.0297,37.0,77,23,0.69
467,Deputatskiy,RU,2021-04-02 21:41:38,69.3,139.9,-11.15,99,100,2.84
468,Datong,CN,2021-04-02 21:41:38,40.0936,113.2914,38.07,46,98,12.01
469,Chilchotla,MX,2021-04-02 21:41:39,19.2548,-97.1844,54.82,80,99,6.49
470,Lydenburg,ZA,2021-04-02 21:41:39,-25.0978,30.4597,64.99,78,20,1.95
471,Verkhoyansk,RU,2021-04-02 21:41:40,67.5447,133.385,1.74,96,100,5.19
472,Yinchuan,CN,2021-04-02 21:40:57,38.4681,106.2731,44.01,59,99,10.78
473,Ostrovnoy,RU,2021-04-02 21:41:40,68.0531,39.5131,21.96,97,88,6.4
474,Saint-Francois,FR,2021-04-02 21:41:40,46.4154,3.9054,46.4,66,0,5.75
475,Antofagasta,CL,2021-04-02 21:41:41,-23.65,-70.4,66.2,68,0,12.66
476,Mahajanga,MG,2021-04-02 21:39:23,-15.7167,46.3167,77.0,78,40,5.75
477,Novyy Urengoy,RU,2021-04-02 21:41:41,66.0833,76.6333,22.86,97,100,6.26
478,Cabanas,CU,2021-04-02 21:41:41,22.9758,-82.9219,73.4,68,90,14.97
479,Biloela,AU,2021-04-02 21:41:42,-24.4167,150.5,70.54,66,24,18.92
480,Bilibino,RU,2021-04-02 21:41:42,68.0546,166.4372,-1.43,82,100,7.23
481,Warkworth,NZ,2021-04-02 21:41:42,-36.4,174.6667,64.99,84,7,1.01
482,Constitucion,CL,2021-04-02 21:41:43,-35.3333,-72.4167,61.54,74,24,14.25
483,Talnakh,RU,2021-04-02 21:37:18,69.4865,88.3972,-18.02,86,18,6.11
484,Palauig,PH,2021-04-02 21:41:43,15.435,119.9045,78.73,65,7,2.77
485,Vardo,NO,2021-04-02 21:41:44,70.3705,31.1107,31.32,76,97,7.47
486,Finschhafen,PG,2021-04-02 21:41:44,-6.6024,147.8681,81.46,78,100,4.56
487,Linguere,SN,2021-04-02 21:41:44,15.3953,-15.1193,96.8,24,0,2.3
488,Jingdezhen,CN,2021-04-02 21:41:45,29.2947,117.2079,60.98,96,100,4.7
489,Bardiyah,LY,2021-04-02 21:41:45,31.7561,25.0865,57.45,72,0,1.45
490,Roald,NO,2021-04-02 21:41:45,62.5833,6.1333,39.2,65,90,4.61
491,Hami,CN,2021-04-02 21:41:46,42.8,93.45,46.36,16,0,5.01
492,Safranbolu,TR,2021-04-02 21:41:46,41.2508,32.6942,41.83,82,71,2.06
493,Putina,PE,2021-04-02 21:41:46,-15.4667,-69.4333,45.32,72,100,14.92
494,Acheng,CN,2021-04-02 21:41:47,45.5454,126.977,37.4,32,0,13.42
495,Bone,DE,2021-04-02 21:41:47,51.9669,12.1396,43.0,86,95,1.99
496,Grande Prairie,CA,2021-04-02 21:41:35,55.1667,-118.8027,42.8,36,75,5.75
497,Presidencia Roque Saenz Pena,AR,2021-04-02 21:41:47,-26.7852,-60.4388,71.4,55,0,5.44
498,Puerto Escondido,MX,2021-04-02 21:41:48,15.85,-97.0667,87.8,74,20,11.5
499,Somerset East,ZA,2021-04-02 21:41:48,-32.7217,25.588,53.67,85,99,4.99
500,Bakel,SN,2021-04-02 21:41:48,14.905,-12.4568,92.53,6,3,7.99
501,Yamada,JP,2021-04-02 21:41:49,39.4667,141.95,50.05,81,91,9.42
502,Vestmanna,FO,2021-04-02 21:41:49,62.1564,-7.1664,42.8,87,75,19.57
503,Greensburg,US,2021-04-02 21:41:13,40.3015,-79.5389,39.2,28,1,11.5
504,Rafaela,AR,2021-04-02 21:41:49,-31.2503,-61.4867,68.0,62,0,5.17
505,Naryan-Mar,RU,2021-04-02 21:41:50,67.6713,53.087,16.47,95,99,6.22
506,Duiwelskloof,ZA,2021-04-02 21:41:50,-23.6934,30.14,65.75,63,0,4.65
507,Flin Flon,CA,2021-04-02 21:41:50,54.7682,-101.865,46.4,39,20,16.11
508,Ayagoz,KZ,2021-04-02 21:41:51,47.9714,80.4392,31.84,72,2,6.8
509,Tambovka,RU,2021-04-02 21:41:51,50.0969,128.0489,30.2,40,0,17.9
510,Krutinka,RU,2021-04-02 21:41:51,56.0055,71.5113,32.4,90,100,15.52
511,Nemuro,JP,2021-04-02 21:41:52,43.3236,145.575,38.44,85,100,18.97
512,Nioro,GM,2021-04-02 21:41:52,13.35,-15.75,81.77,43,3,10.89
513,Fairbanks,US,2021-04-02 21:41:27,64.8378,-147.7164,10.99,61,1,2.28
514,Port Hardy,CA,2021-04-02 21:41:52,50.6996,-127.4199,48.2,61,75,10.36
515,Waldoboro,US,2021-04-02 21:41:53,44.0954,-69.3756,37.99,55,90,6.91
516,Bac Lieu,VN,2021-04-02 21:41:53,9.285,105.7244,81.39,79,75,4.81
517,Nieuwpoort,BE,2021-04-02 21:41:53,51.1244,2.7735,45.0,76,90,12.66
518,Taywarah,AF,2021-04-02 21:41:54,33.35,64.4167,45.01,44,71,3.85
519,Zvenyhorodka,UA,2021-04-02 21:41:54,49.0787,30.9675,38.28,84,78,10.11
520,Krasnoselkup,RU,2021-04-02 21:41:54,65.7,82.4667,14.27,95,100,8.23
521,Liuzhou,CN,2021-04-02 21:41:55,24.3126,109.3892,68.32,89,27,5.28
522,Florenville,BE,2021-04-02 21:41:55,49.6998,5.3074,39.99,72,3,3.0
523,Motril,ES,2021-04-02 21:41:55,36.7507,-3.5179,54.0,60,0,1.01
524,Waddan,LY,2021-04-02 21:41:56,29.1614,16.139,66.97,25,0,10.02
525,La Maddalena,IT,2021-04-02 21:41:56,41.2142,9.4083,57.2,94,0,9.22
526,Kargil,IN,2021-04-02 21:41:56,34.5667,76.1,17.83,69,94,5.73
527,Port Lincoln,AU,2021-04-02 21:41:57,-34.7333,135.8667,71.01,39,0,8.3
528,Jibuti,DJ,2021-04-02 21:41:57,11.5,42.5,78.8,65,1,7.29
529,Tadine,NC,2021-04-02 21:41:57,-21.55,167.8833,76.37,92,100,16.71
530,Hue,VN,2021-04-02 21:41:58,16.4667,107.6,75.2,94,40,2.3
531,Cam Ranh,VN,2021-04-02 21:41:58,11.9214,109.1591,80.6,83,20,2.3
532,Manokwari,ID,2021-04-02 21:41:58,-0.8667,134.0833,77.49,77,100,2.93
533,Sedhiou,SN,2021-04-02 21:41:59,12.7081,-15.5569,89.6,33,7,11.5
534,Ikwiriri,TZ,2021-04-02 21:41:59,-7.9562,38.9716,71.13,97,100,2.8
535,Grindavik,IS,2021-04-02 21:41:59,63.8424,-22.4338,41.0,87,90,18.41
536,Kurilsk,RU,2021-04-02 21:42:00,45.2333,147.8833,36.37,75,100,13.98
537,Carman,CA,2021-04-02 21:42:00,49.4992,-98.0016,62.6,23,100,16.11
538,Camasca,HN,2021-04-02 21:42:00,14.0,-88.3833,68.0,64,75,11.5
539,Bassar,TG,2021-04-02 21:42:01,9.25,0.7833,82.4,39,8,2.93
540,Sur,OM,2021-04-02 21:42:01,22.5667,59.5289,83.84,31,69,8.34
541,Ballina,AU,2021-04-02 21:42:01,-28.8667,153.5667,71.6,60,75,10.36
542,Orsha,BY,2021-04-02 21:42:02,54.5153,30.4053,32.0,93,75,2.24
543,Bazarnyye Mataki,RU,2021-04-02 21:42:02,54.8833,49.9333,32.36,88,100,13.49
544,Korla,CN,2021-04-02 21:42:02,41.7597,86.1469,46.44,37,100,17.29
545,Feijo,BR,2021-04-02 21:42:02,-8.1642,-70.3536,77.59,92,58,3.49
546,Ilo,PE,2021-04-02 21:42:03,-17.6394,-71.3375,70.34,77,3,8.66
547,Karatu,TZ,2021-04-02 21:42:03,-3.3333,35.6667,61.77,95,90,2.15
548,Skelleftea,SE,2021-04-02 21:42:03,64.7507,20.9528,35.6,60,20,11.5
549,Kysyl-Syr,RU,2021-04-02 21:42:04,63.8986,122.7617,-5.73,97,100,7.63
550,Makakilo City,US,2021-04-02 21:42:04,21.3469,-158.0858,80.6,50,75,9.22
551,Mana,GF,2021-04-02 21:42:04,5.6592,-53.7767,75.99,89,100,10.85
552,Polson,US,2021-04-02 21:42:05,47.6936,-114.1632,66.0,23,31,5.99
553,Comodoro Rivadavia,AR,2021-04-02 21:42:05,-45.8667,-67.5,64.4,68,40,6.91
554,Rincon,US,2021-04-02 21:42:05,32.296,-81.2354,57.2,23,1,8.05
555,Jaciara,BR,2021-04-02 21:42:06,-15.9653,-54.9683,79.34,64,29,2.89
556,Ondjiva,AO,2021-04-02 21:42:06,-17.0667,15.7333,69.91,73,88,2.1
557,Kidal,ML,2021-04-02 21:42:06,18.4411,1.4078,79.81,7,0,11.61
558,Moroni,KM,2021-04-02 21:42:07,-11.7022,43.2551,79.86,76,72,5.44
559,Zharkent,KZ,2021-04-02 21:42:07,44.1628,80.0,35.33,97,100,2.13
560,San Antonio,US,2021-04-02 21:38:25,29.4241,-98.4936,75.2,25,1,12.66
